Name,Gender,GP,MIN,PTS,DR,OR,REB,AST,STL,BLK,BLKON,FOUL,FOULON,TO,FGM,FGA,FG%,2PM,2PA,2P%,3PM,3PA,3P%,FTM,FTA,FT%
Adam Dixon,Male,21,890,563,99,51,150,74,40,25,0,57,0,67,202,396,0.51,186,339,0.549,16,57,0.281,143,187,0.765
Amanda Fenwick,Female,19,801,208,142,65,207,44,60,19,0,56,0,60,90,242,0.372,89,239,0.372,1,3,0.333,29,85,0.341
Bart Strzebonski,Male,1,46,16,5,1,6,5,1,0,0,1,5,4,6,19,0.316,3,10,0.3,3,9,0.333,1,5,0.2
Bobby Cunningham,Male,45,1967,913,509,137,646,397,172,16,0,182,0,255,437,1143,0.382,314,763,0.412,123,380,0.324,162,215,0.753
Brad Salter,Male,20,886,329,115,51,166,106,68,2,0,65,0,58,147,335,0.439,118,250,0.472,29,85,0.341,64,86,0.744
Brady Walmsey,Male,15,626,310,31,20,51,48,19,0,0,30,0,49,97,263,0.369,62,164,0.378,35,99,0.354,81,114,0.711
Brett Jarosz,Male,20,915,505,145,67,212,75,48,14,0,64,0,74,186,453,0.411,161,371,0.434,25,82,0.305,158,191,0.827
Brett Rainbow,Male,32,1383,698,141,40,181,77,36,21,0,64,0,107,244,573,0.426,140,276,0.507,104,297,0.35,106,133,0.797
Bryan Short,Male,29,1283,627,139,66,205,142,64,10,0,54,0,96,268,724,0.37,198,528,0.375,70,196,0.357,161,217,0.742
Caitlin Shaw,Female,24,1074,386,125,37,162,65,83,2,0,53,0,96,210,693,0.303,125,409,0.306,85,284,0.299,51,70,0.729
Cameron Bruce,Male,23,975,311,71,18,89,116,69,3,8,58,97,72,115,245,0.469,94,171,0.55,21,74,0.284,60,125,0.48
Cameron Norton,Male,16,668,142,92,40,132,83,42,5,0,41,0,64,51,120,0.425,45,94,0.479,6,26,0.231,34,67,0.507
Craig Jarvis,Male,18,754,400,90,76,166,55,20,5,0,61,0,71,161,396,0.407,151,362,0.417,10,34,0.294,88,143,0.615
Craig Wattie,Male,21,896,554,219,82,301,64,38,12,0,76,0,140,255,591,0.431,210,462,0.455,45,129,0.349,89,127,0.701
Curtis Small,Male,49,2144,1487,165,54,219,200,93,7,0,109,0,185,644,1418,0.454,435,894,0.487,209,524,0.399,176,202,0.871
Damien Smith,Male,25,1077,575,77,21,98,151,44,5,0,82,0,99,289,662,0.437,206,439,0.469,83,223,0.372,80,110,0.727
Daryl Corletto,Male,75,3219,1971,381,104,485,403,124,24,5,162,55,211,802,1725,0.465,615,1187,0.518,187,538,0.348,370,432,0.856
David Barlow,Male,3,132,96,30,10,40,23,1,2,2,8,17,16,32,67,0.478,24,43,0.558,8,24,0.333,24,30,0.8
Dean Rzechta,Male,20,885,643,156,78,234,46,52,2,0,73,0,78,253,638,0.397,215,503,0.427,38,135,0.281,167,213,0.784
Dionne Fenton,Female,24,1035,404,205,118,323,27,41,30,0,61,0,111,160,392,0.408,160,387,0.413,0,5,0.0,84,161,0.522
Erdoan Bakal,Male,23,987,489,85,59,144,110,28,8,0,47,0,99,219,461,0.475,195,398,0.49,24,63,0.381,75,91,0.824
Gili Smolboard,Male,4,174,95,16,3,19,13,14,0,0,17,0,32,25,77,0.325,10,35,0.286,15,42,0.357,30,39,0.769
Glen Barlow,Male,45,1952,908,520,209,729,165,65,35,20,167,64,163,345,716,0.482,344,705,0.488,1,11,0.091,217,340,0.638
Greg Smith,Male,40,1726,683,233,55,288,268,69,18,0,128,0,138,245,613,0.4,167,327,0.511,78,286,0.273,115,182,0.632
Harry White,Male,1,42,3,2,3,5,1,2,0,0,5,4,5,0,1,0.0,0,1,0.0,0,0,,3,4,0.75
Ivan Platenik,Male,18,764,510,159,97,256,43,20,21,24,54,128,58,193,390,0.495,192,383,0.501,1,7,0.143,123,189,0.651
James Denton (Sk),Male,24,1058,362,93,34,127,79,42,5,18,68,92,62,129,315,0.41,120,275,0.436,9,40,0.225,95,127,0.748
James Tsun,Male,19,804,325,66,16,82,89,38,3,0,45,0,98,118,355,0.332,71,169,0.42,47,186,0.253,42,71,0.592
Jane Chalmers,Female,10,431,180,56,19,75,70,39,2,0,41,0,64,68,211,0.322,66,188,0.351,2,23,0.087,46,65,0.708
Jared Swanson,Male,49,2190,1585,483,207,690,151,102,18,15,173,133,208,633,1473,0.43,621,1409,0.441,12,64,0.188,307,465,0.66
Jason Pepper,Male,28,1211,725,213,92,305,90,104,16,0,107,0,143,318,630,0.505,293,549,0.534,25,81,0.309,114,180,0.633
Jay Allen,Male,17,710,343,46,19,65,69,37,6,0,36,0,64,170,480,0.354,120,331,0.363,50,149,0.336,53,76,0.697
Jeff Reid,Male,20,877,482,99,39,138,95,53,1,0,69,0,70,164,421,0.39,79,175,0.451,85,246,0.346,69,98,0.704
Jeremy Marsh,Male,16,686,306,110,47,157,47,36,22,0,51,0,75,113,257,0.44,99,219,0.452,14,38,0.368,66,91,0.725
John Constance,Male,22,998,389,83,33,116,112,55,4,0,58,0,64,204,569,0.359,153,392,0.39,51,177,0.288,32,45,0.711
John Morris,Male,16,676,349,118,22,140,32,13,6,12,53,60,75,129,337,0.383,81,181,0.448,48,156,0.308,43,73,0.589
Jonathon Lee,Male,46,1981,793,165,52,217,222,113,6,0,131,0,200,319,875,0.365,281,714,0.394,38,161,0.236,155,245,0.633
Jordan Hill,Male,8,346,199,57,6,63,33,12,3,0,32,0,26,72,164,0.439,36,70,0.514,36,94,0.383,19,28,0.679
Josh Smith,Male,22,924,569,115,37,152,81,35,2,0,54,0,96,186,513,0.363,124,288,0.431,62,225,0.276,135,192,0.703
Kevin Benn,Male,23,984,483,249,153,402,41,16,19,21,93,139,115,203,333,0.61,203,332,0.611,0,1,0.0,77,164,0.47
Kevin Probert,Male,2,91,45,8,2,10,11,9,1,0,6,0,9,12,32,0.375,8,17,0.471,4,15,0.267,17,24,0.708
Lee Jeka,Male,22,993,679,108,44,152,109,41,2,0,34,0,104,299,695,0.43,234,507,0.462,65,188,0.346,106,145,0.731
Luke Cooper,Male,10,424,153,38,16,54,88,25,1,0,19,0,53,51,114,0.447,42,76,0.553,9,38,0.237,42,67,0.627
Luke Goldstein,Male,1,42,26,14,3,17,2,0,0,0,6,0,4,10,19,0.526,10,19,0.526,0,0,,6,12,0.5
Luke Mcmillan,Male,44,1880,1281,327,117,444,88,18,66,20,117,140,121,471,914,0.515,408,742,0.55,63,172,0.366,276,366,0.754
Marcus Johnson,Male,24,1029,585,97,25,122,61,37,10,0,67,0,109,220,450,0.489,185,340,0.544,35,110,0.318,110,150,0.733
Matthew Gange,Male,26,1123,627,158,59,217,80,47,8,0,57,0,90,223,495,0.451,140,290,0.483,83,205,0.405,98,131,0.748
Michelle Betson,Female,20,841,337,99,45,144,47,51,2,0,85,0,92,129,366,0.352,114,290,0.393,15,76,0.197,94,153,0.614
Mick Hill,Male,43,1886,1498,278,86,364,259,89,10,0,150,0,216,625,1335,0.468,498,991,0.503,127,344,0.369,257,337,0.763
Mike Spears,Male,22,946,526,184,99,283,43,45,56,0,77,0,62,213,447,0.477,210,433,0.485,3,14,0.214,97,135,0.719
Mitchell Creek,Male,2,87,63,18,14,32,9,2,2,2,7,15,13,27,46,0.587,27,45,0.6,0,1,0.0,9,19,0.474
Nathan Crosswell,Male,21,932,536,86,22,108,157,44,1,0,50,0,92,209,443,0.472,189,380,0.497,20,63,0.317,138,169,0.817
Nathan Sellwood,Male,27,1203,748,121,53,174,133,56,1,0,42,0,92,325,785,0.414,262,616,0.425,63,169,0.373,161,213,0.756
Nathan Taylor,Male,12,528,199,83,27,110,23,6,8,0,36,0,35,72,156,0.462,53,97,0.546,19,59,0.322,36,50,0.72
Nicole Pavic,Female,19,829,577,216,103,319,46,38,54,0,52,0,59,234,649,0.361,214,586,0.365,20,63,0.317,129,199,0.648
Patrick Jennings,Male,10,423,125,39,15,54,29,16,1,0,26,0,28,41,125,0.328,25,54,0.463,16,71,0.225,27,45,0.6
Paul Fridman,Male,21,957,311,91,24,115,197,91,6,0,70,0,143,156,515,0.303,102,315,0.324,54,200,0.27,53,74,0.716
Peter Leimonitis,Male,18,754,464,102,46,148,76,43,12,0,63,0,109,227,512,0.443,166,366,0.454,61,146,0.418,71,84,0.845
Sam Belt,Male,22,975,598,195,66,261,73,24,17,21,50,91,62,192,476,0.403,85,184,0.462,107,292,0.366,107,150,0.713
Scott Dixon,Male,17,731,315,107,56,163,42,27,13,0,46,0,60,105,267,0.393,65,157,0.414,40,110,0.364,65,105,0.619
Scott Roberts,Male,50,2113,987,450,173,623,125,49,129,0,183,0,182,393,806,0.488,382,772,0.495,11,34,0.324,198,295,0.671
Sean Mccall,Male,2,90,61,18,9,27,4,7,3,0,7,0,12,22,50,0.44,19,36,0.528,3,14,0.214,14,23,0.609
Sharon Fedke,Female,23,989,549,201,42,243,35,60,31,0,76,0,67,257,745,0.345,221,602,0.367,36,143,0.252,71,92,0.772
Shaun Bruce,Male,23,977,632,119,42,161,108,34,13,9,74,106,72,248,573,0.433,214,440,0.486,34,133,0.256,102,143,0.713
Taylor Bell,Male,5,209,144,38,7,45,5,3,8,0,20,0,21,51,100,0.51,34,70,0.486,17,30,0.567,25,50,0.5
Terrence Watkins,Male,24,1021,622,227,90,317,53,34,23,0,64,0,82,303,607,0.499,242,489,0.495,61,118,0.517,94,126,0.746
Thomas Burns,Male,59,2571,1308,331,102,433,345,137,24,0,172,0,295,458,1131,0.405,380,857,0.443,78,274,0.285,354,517,0.685
Tim Ireland,Male,2,84,28,6,1,7,7,4,1,0,7,0,9,9,27,0.333,9,23,0.391,0,4,0.0,10,16,0.625
Tim Pickert,Male,24,1017,535,71,40,111,77,37,5,12,64,114,76,179,440,0.407,117,243,0.481,62,197,0.315,115,153,0.752
Timothy Gainey,Male,35,1581,753,282,124,406,74,46,67,32,122,160,148,271,694,0.39,195,457,0.427,76,237,0.321,135,180,0.75
Tommy Walsh,Male,23,973,425,71,49,120,50,30,5,11,65,49,56,161,427,0.377,101,239,0.423,60,188,0.319,43,65,0.662
Tony Burke,Male,18,753,403,86,50,136,46,10,9,9,70,61,55,160,407,0.393,141,315,0.448,19,92,0.207,64,96,0.667
Tracy Tuesley,Female,2,87,25,21,19,40,0,8,1,0,9,0,18,12,30,0.4,12,29,0.414,0,1,0.0,1,4,0.25
Travis Banko,Male,20,894,504,78,34,112,92,47,2,0,56,0,146,208,502,0.414,182,410,0.444,26,92,0.283,114,154,0.74
Vashon Weaver,Male,76,3308,1746,455,188,643,376,120,39,10,256,108,399,655,1584,0.414,581,1269,0.458,74,315,0.235,386,578,0.668
Warren Estcourt,Male,1,45,3,8,0,8,7,0,0,0,3,0,2,12,32,0.375,2,9,0.222,10,23,0.435,5,6,0.833
Willie Weimer,Male,24,1011,407,104,43,147,91,28,5,0,85,0,108,152,396,0.384,99,235,0.421,53,161,0.329,50,77,0.649
